person_id,movie_id
556800,78428
1160576,78428
76913,79064
99687,79064
130985,79064
543178,79064
1619,79093
12672,79093
25246,79093
26784,79093
119447,79093
134703,79093
148886,79093
1275566,79093
1275569,79093
74021,79279
76913,79279
130985,79279
1287732,79279
121394,79321
54615,79322
56861,79434
66717,79434
68561,79434
26724,79577
65938,79865
122816,79865
588138,79865
975322,79865
119447,79871
1135177,79871
1135394,79871
1591060,79871
588144,79872
1619,79953
25251,79992
66717,79992
62423,80268
66717,80268
68557,80268
119447,80268
553881,80268
118745,80474
227782,80474
240171,80474
548610,80474
1134732,80474
21914,80477
65992,80479
88495,80479
94077,80479
556800,80479
62410,80485
579216,80485
1135394,80485
26786,80606
44922,80606
62419,80606
62420,80606
83686,80606
84205,80606
88495,80606
119454,80606
231909,80606
239010,80606
589746,80606
554120,80640
612216,80640
589911,80644
57831,80779
88495,80779
66717,80794
1134729,80794
1416970,80794
25246,81128
65353,81128
70437,81128
140481,81128
1135394,81128
56861,81221
66717,81344
66761,81344
88351,81344
99687,81344
134704,81344
21911,81639
26739,81639
77301,81639
120725,81669
227792,81669
26724,81709
62417,81709
567303,81709
592328,81709
592329,81709
26724,81750
67689,81750
20519,81752
1336,81870
109809,81870
240171,81870
1173757,81937
21908,82061
21910,82061
84205,82161
1624,82190
20652,82190
64496,82190
130644,82190
25246,82952
68557,82952
70437,82952
87840,82952
70437,83016
87942,83016
20652,83048
78878,83048
548474,83048
1054920,83048
77301,83277
998494,83277
20652,83517
103598,83706
1337,83721
21914,83721
25251,83721
26760,83721
65934,83721
592329,83721
1094209,83721
1134732,83721
62424,83876
69636,83876
229302,83876
612216,83876
1134732,83876
1173203,83876
1173757,83876
81081,83914
229302,83914
26778,83960
83631,83960
94076,83960
1195450,83960
1357125,83960
1415348,83960
26724,84275
576408,84275
1277930,84369
77304,84700
21908,84702
26724,84702
70590,84702
144860,84702
69033,84703
26724,84819
1357125,84825
227782,85012
65975,85014
65976,85014
612216,85014
1134732,85014
26739,85020
124002,85258
134703,85258
1134504,85258
124002,85259
57831,85502
25246,85508
66717,85508
68562,85508
88495,85508
105421,85532
1341,85590
25251,85590
65934,85590
88495,85590
240177,85590
1173215,85590
57609,85795
118352,85795
119426,85795
990443,85795
1134731,85795
240177,85874
87944,85877
1172981,85877
10885,85878
109813,85878
62410,86124
124002,86275
134704,86275
229302,86275
71051,86409
86318,86409
115610,86409
62419,86425
548610,86851
1109778,86851
1173757,86851
26784,87036
70673,87036
124002,87036
124777,87036
229302,87036
1134504,87036
83560,87953
213438,87953
57609,88046
62410,88046
1173757,88046
69636,88048
229302,88048
1134504,88048
18899,88141
70673,88141
116351,88141
62410,88159
548610,88377
548610,88381
695,88553
26786,88553
121709,88553
134704,88553
239961,88553
118745,88631
548610,88631
88351,88633
118745,88633
1109778,88633
26784,88806
70690,88806
83630,88806
119447,88806
134704,88806
227778,88806
239010,88806
1277930,88806
26726,88889
62410,88889
109301,88889
567303,88889
1329775,88889
1357077,88889
1407468,88889
18899,88922
26784,88922
35452,88922
124002,88922
229302,88922
240169,88922
88351,88945
62410,88978
63584,89433
65934,89433
66717,89433
118350,89433
120725,89433
548610,89475
548610,89478
18897,89483
548610,89483
87944,89749
126852,89749
1135781,89749
1134504,89992
70690,90003
131728,90018
65986,90022
69636,90022
124777,90022
229302,90022
1134505,90022
62410,90071
64496,90147
1132614,90147
1147123,90147
71051,90283
121394,90548
584527,90548
1164789,90556
1173203,90556
65986,90557
70674,90557
67259,90562
1164789,90562
240169,90565
26724,90567
35452,90567
62410,90567
1173757,90567
553882,90772
121394,90805
105421,90808
148884,90808
66717,90934
122816,90934
122818,90934
588144,90934
1134729,90934
62423,90965
103598,90965
119447,90965
239961,90965
1341,91007
21902,91007
35452,91007
67222,91007
68561,91007
70437,91007
110844,91007
119447,91007
990443,91007
1134731,91007
1346930,91007
25246,91186
26760,91186
62410,91186
66717,91186
87840,91186
239010,91186
592329,91186
70437,91286
63584,91463
83358,91463
1134732,91463
1134734,91463
1135177,91463
1139041,91463
25251,91759
56804,91759
63584,91759
84205,91759
12672,91919
25246,91919
119447,91919
148886,91919
229302,91919
1135394,91919
57609,92360
69636,92360
70673,92360
83358,92360
127410,92360
990443,92360
1109778,92360
148884,92563
1134729,92563
1172981,92563
1346930,92563
88351,92679
1134504,92679
695,92710
239091,92710
1065282,92710
1173757,92710
77303,92990
25246,93387
65974,93387
69637,93387
135836,93387
224928,93387
237235,93387
998494,93387
1619,93412
18897,93412
25245,93412
25246,93412
66717,93412
66761,93412
83489,93412
88495,93412
111298,93412
64895,93465
69637,93465
87944,93465
213438,93465
1134729,93465
1619,93487
25245,93487
26726,93487
26729,93487
26767,93487
111298,93487
116906,93487
227778,93487
240177,93487
579216,93487
12466,93502
26724,93502
62419,93502
67222,93502
88495,93502
96889,93502
103598,93502
1065282,93532
1148003,93569
25251,93582
65934,93582
68561,93582
83358,93582
118350,93582
118352,93582
936010,93582
999460,93582
1136808,93582
1404511,93582
69636,93754
240169,93754
1109778,93754
54615,93898
65938,93898
25245,94406
65974,94406
67221,94406
68557,94406
134704,94406
56861,94676
120725,94676
229302,94753
1364713,94753
20654,95728
26724,95731
26744,95731
21911,95919
77304,95919
548610,95955
1109778,95955
1164789,95955
62424,95990
65986,95990
84205,95990
548610,95990
1134505,95990
1148003,95990
1163362,95990
65986,96144
69636,96144
229302,96144
1134505,96144
592329,96331
643,96466
120725,96466
1617133,96466
1337,96480
26744,96487
65938,96487
612216,96487
20519,96664
72731,96664
127410,96664
127436,96664
240171,96664
73774,96686
88351,96952
240169,96952
548610,96952
65975,96989
67221,96989
88495,96989
96889,96989
119447,96989
227804,96989
239010,96989
567303,96989
695,96990
20519,96990
56804,96990
84205,96990
119447,96990
134703,96990
612216,96990
1173203,96990
584527,97150
612216,97150
88351,97412
88351,97430
240171,97430
26739,97520
62410,97731
62417,97731
87840,97731
26786,97812
956575,97812
1415348,97812
144860,97876
44922,98164
81081,98164
119454,98164
124002,98171
83358,98174
548610,98420
18897,98422
70673,98422
1619,98497
134704,98497
148886,98497
229302,98497
239010,98497
592329,98497
1134735,98497
18897,98567
21911,98567
70690,98567
64496,98570
56804,98984
26724,99576
576408,99576
1624,99580
18897,99580
84205,99580
227792,99580
1341,99582
12466,99582
70673,100943
584527,100943
26724,101024
62419,101024
70590,101024
1175533,101189
1337,101334
54615,101334
63584,101334
67689,101334
110844,101334
110847,101334
126852,101334
239961,101334
551869,101334
1338,101335
25245,101335
56830,101335
56861,101335
62417,101335
67222,101335
70690,101335
88495,101335
567303,101335
105421,101569
612216,101920
25246,102263
56816,102263
72731,102263
87840,102263
120725,102263
227804,102263
1341,102468
62420,102468
70690,102468
87839,102468
110844,102468
130644,102468
1341,102477
18899,102477
62424,102477
83686,102477
592328,102477
931172,102869
584527,103535
56811,103847
62424,103847
84205,103847
1134505,103847
213438,104171
21911,104194
56830,104240
67046,104240
12466,104259
25249,104259
68557,104259
230776,104259
1045536,104259
1134735,104259
1191058,104259
124002,104262
65976,104272
69636,104272
70673,104272
240169,104272
1148003,104272
26760,104287
70673,104287
78877,104287
87840,104287
955784,104287
1178938,104287
69638,104313
974461,104313
1175533,104313
25246,104509
56861,104566
65992,104566
84205,104566
127410,104566
148886,104566
1175533,104582
1175533,104583
1175533,104586
1175533,104589
1081493,104594
57609,104597
70673,104597
229302,104597
296066,104597
1134505,104597
26786,104599
26775,104606
69636,104606
88351,104606
118745,104606
1109778,104606
1134504,104606
1134505,104606
56830,104624
67046,104624
83693,104624
62423,104639
67224,104639
1134505,104639
1173757,104639
227792,104675
1619,104680
87840,104680
592329,104680
1319279,104680
82177,104681
123202,104681
213438,104681
26785,104683
88495,104683
239010,104683
1173605,104683
1173757,104683
21914,104684
84205,104684
134704,104684
229302,104684
62423,104686
67222,104686
70437,104686
88495,104686
548474,104686
990443,104686
1134731,104686
1160576,104686
65974,104689
67221,104689
134704,104689
224925,104689
20999,104811
134703,104876
1065282,104876
92833,104961
94077,104961
994641,104961
66717,104969
1134729,104969
1413335,104969
1341,105001
20519,105001
25251,105001
71051,105001
83635,105001
1147123,105001
134704,105002
1175533,105002
70673,105010
88351,105010
103598,105010
127410,105010
69638,105014
229302,105014
1135238,105014
70673,105021
88351,105482
548610,105482
65934,105680
105421,105680
109434,105680
83631,105812
119447,105812
119447,105825
1134729,105825
1134734,105825
1160576,105825
119447,105826
231909,105826
554120,105826
1148003,105826
1191058,105826
1277921,105826
1407528,105826
1416970,105826
124002,105872
119454,105903
1633,105910
57609,105910
70673,105910
148891,105910
552084,105910
1275566,105919
119447,105976
224925,105976
548616,105976
26739,106373
118745,106423
548610,106423
70673,106430
124002,106430
56861,106444
121394,106452
26724,106463
52908,106463
62419,106463
62423,106463
62424,106463
1134736,106463
1173757,106463
65987,106465
65992,106465
231909,106465
548474,106465
612216,106465
990443,106465
1148003,106465
1178940,106465
62423,106468
134704,106468
21902,106470
66122,106470
68557,106470
68561,106470
68562,106470
111298,106470
231909,106470
239010,106470
944021,106470
1191929,106470
52908,106472
62417,106472
62423,106472
63584,106472
571521,106472
1135394,106472
1398251,106472
67221,106473
67222,106473
127436,106473
231909,106473
990443,106473
1148003,106473
1407468,106473
1575541,106473
62419,106517
126852,106517
231909,106517
589746,106517
1135177,106517
1201408,106517
35452,106640
57609,106640
69636,106640
70674,106640
229302,106640
240169,106640
1109778,106640
1134505,106640
68557,106649
26724,106651
62417,106651
70674,106651
57609,106652
68557,106652
83630,106652
83686,106652
121709,106652
122818,106652
134704,106652
62410,106654
62423,106654
65974,106654
68557,106654
82401,106654
134704,106654
62423,106656
239010,106656
1173757,106656
1277921,106656
69638,106660
70674,106660
62424,106661
69638,106661
119447,106661
134704,106661
990443,106661
88495,106664
119447,106664
231909,106664
239010,106664
62423,106665
229302,106665
1135238,106665
548610,106672
69638,106703
83630,106703
1173203,106703
103598,106708
567303,106708
1135238,106708
62419,106713
148886,106713
296066,106713
83630,106714
110844,106714
26784,106718
1175533,106719
26778,106720
62423,106720
239961,106720
567303,106720
1135781,106720
229302,106778
124002,107010
25251,107242
67689,107242
18897,107248
20519,107374
26724,107374
26739,107374
103598,107374
239010,107374
1109778,107475
124002,107485
548610,107485
240169,107491
1134505,107491
56804,107500
227792,107500
239961,107500
556938,107500
26784,107623
69636,107623
12672,107682
26739,107682
64895,107682
109301,107682
592329,107682
70673,107714
70674,107714
88351,107714
148886,107714
548610,107714
122818,107807
548610,107807
612216,107807
1191929,107807
229302,107824
1134732,107824
1134504,107827
1134505,107827
70673,107828
70674,107828
229302,107828
1134505,107828
35452,107831
57609,107831
70673,107831
229302,107831
1134504,107831
1134505,107831
1148003,107831
26784,107834
229302,107834
1134505,107834
124002,107840
1134505,107841
124002,107843
124002,107887
229302,107887
18897,107891
124002,107891
70673,107893
548610,107893
121394,107895
70673,107897
124002,107897
1624,107899
18897,107899
1624,107900
35452,107900
62410,107900
229302,107900
1134505,107903
229302,107905
240169,107906
1624,107910
229302,107910
240169,107910
121394,107911
121394,107912
26728,107972
56811,107972
105940,107972
1173757,107972
163441,108128
35452,108268
57609,108268
62412,108268
62417,108268
66122,108268
83560,108268
239010,108268
571521,108268
990778,108268
62423,108364
239010,108364
1134735,108364
1173757,108364
1277921,108364
229302,108431
1065282,108431
1135238,108431
1580525,108431
124002,108510
1134504,108510
35452,108518
83693,108518
88351,108665
131728,108665
1134505,108665
1624721,108811
20654,108954
62410,108962
121394,108962
21911,109051
25251,109051
72731,109051
122816,109051
224925,109051
224929,109051
548474,109051
227782,109088
1134732,109088
1164789,109105
119426,109116
25251,109142
66122,109142
87944,109142
12672,109530
96862,109530
1135238,109967
1365929,109967
21908,109987
25246,109987
57607,109987
70437,109987
82401,109987
83489,109987
83624,109987
113797,109987
148886,109987
25251,110410
71051,110410
73774,110410
1147123,110410
63584,110554
26724,111084
62419,111084
65938,111084
88495,111084
1337,111145
25245,111145
26724,111145
64895,111145
1134732,111145
1254216,111145
57607,111363
57617,111363
88495,111363
96889,111363
119447,111363
567303,111363
612216,111363
1175533,111363
1178932,111363
1415225,111363
1416970,111363
1591060,111363
68562,112021
999460,112021
1287732,112021
20654,112025
931172,112025
25245,112219
26786,112219
35452,112219
57609,112219
62410,112219
62419,112219
62423,112219
65986,112219
68557,112219
567303,112219
571521,112219
592329,112219
57609,112366
119426,112366
990443,112366
65353,112433
21902,112434
67221,112434
94076,112434
111298,112434
118355,112434
548045,112434
1002925,112434
1054920,112434
1119170,112434
1407172,112434
1408318,112434
26739,112435
64895,112435
931174,112435
21908,112437
62410,112437
110845,112437
64895,112438
65990,112438
69637,112438
94077,112438
116052,112438
119447,112438
226620,112438
240177,112438
551869,112438
1173605,112438
84205,112516
576408,112587
62419,112594
116906,112594
592329,112594
990443,112594
63584,112649
83631,112649
110845,112649
118350,112649
1054920,112649
12466,112652
69636,112652
70673,112652
124002,112652
579216,112652
57609,112700
62424,112700
88351,112700
229302,112700
548610,112700
12466,112929
62423,112929
83624,112929
579216,112929
994641,112929
1134729,112929
1135394,112929
1193722,112929
1277921,112929
1345125,112929
1398251,112929
56830,113684
62412,113684
67689,113684
67046,113687
1134505,114007
26784,114183
20519,114464
21908,114739
88351,114980
66717,114983
87948,114983
612216,114983
12672,115156
26724,115156
64895,115156
69637,115156
121394,115651
584527,115651
1624,115652
62410,115652
25251,115738
21911,115960
21914,115960
25251,115960
64496,116154
65938,116154
20999,116265
21914,116348
94076,117056
25249,117326
56804,117326
83689,117326
554120,117326
66717,117506
116636,117506
21910,117522
69033,117557
11401,117659
1624,117711
70703,118202
118350,118202
126852,118202
130561,118202
551869,118202
105421,118211
56861,118212
70590,118212
135836,118212
571521,118212
592328,118212
999460,118212
1134946,118212
1269703,118212
1337,118376
12672,118376
25249,118376
56861,118376
64895,118376
70703,118376
96546,118376
111298,118376
122818,118376
230776,118376
1002925,118376
1413335,118376
21911,118379
57831,118379
66717,118379
69637,118379
83631,118379
87944,118379
21908,118381
25246,118385
56804,118385
67222,118385
68557,118385
148886,118385
548616,118385
592329,118385
956575,118385
1135238,118385
1148003,118385
1338555,118385
1337,118416
52908,118416
110845,118416
1173223,118438
21914,118442
25251,118442
83624,118442
110845,118442
21914,118465
239961,118465
1134729,118465
1134732,118465
1134734,118465
1134735,118465
1134736,118465
11401,118483
18897,118483
26775,118483
35452,118483
62410,118483
240171,118483
1336,118545
1624,118545
11401,118545
18897,118545
26775,118545
62410,118545
65986,118545
84205,118545
96546,118545
240171,118545
77301,118613
68561,118865
105940,118865
148886,118865
103598,118984
25246,119174
44917,119174
70690,119174
122818,119174
1619,119336
12466,119336
103598,119336
122820,119336
140481,119336
229302,119336
592329,119336
994641,119336
44922,119337
67689,119337
70591,119337
121394,119337
239010,119337
955784,119337
1135185,119337
62410,119339
70590,119339
92833,119339
239961,119339
1135394,119339
26784,119340
65987,119340
119454,119340
1135394,119340
20519,119342
78877,119342
87948,119342
144860,119342
10885,119458
62417,119458
63584,119626
66717,119865
1341,119892
1619,119892
20652,119892
21908,119892
65938,119892
70673,119944
124002,119944
25249,120143
52908,120143
66717,120143
99689,120143
1136808,120143
109813,120713
130561,120713
21911,120880
1076049,120880
25251,120884
70690,120884
71051,120884
20999,121154
1575541,121303
227782,121367
612216,121367
70673,121456
1339,121602
20652,121602
74021,121752
76913,121752
20655,121795
77303,121795
21911,121823
56861,121823
62419,121823
118745,121823
576408,121823
20654,121878
1184600,121878
124002,121985
1619,122611
77304,122611
70673,122765
548610,122765
62410,122880
1173757,122880
77301,122973
83631,123338
1160575,123338
1160576,123338
1356792,123338
25251,123797
65934,123797
111298,123797
944021,123797
1031246,123886
119426,123913
548610,123913
26728,124065
56804,124065
94077,124065
105940,124065
1334856,124065
20519,124157
26775,124326
84205,124326
229302,124326
240171,124326
1134505,124326
77304,124471
109809,124471
240171,124471
67689,124670
21910,124840
21911,124840
26744,124840
63584,124840
66122,124840
83689,124840
240161,124840
1414273,124840
1134505,124870
56804,125076
57831,125076
87944,125076
1334856,125076
83560,125097
956575,125148
25246,125186
56804,125186
56816,125186
64662,125186
67222,125186
68557,125186
88495,125186
94076,125186
122816,125186
148886,125186
548474,125186
1134731,125186
1139041,125186
1145460,125186
1575541,125186
55674,125386
227792,125386
239010,125386
554120,125386
1134736,125386
1173757,125386
124002,125561
1081493,125561
1134505,125561
12466,125708
26724,125708
56861,125708
66717,125708
88495,125708
105421,125708
122816,125708
999460,125708
1143686,125708
11401,125756
118745,125756
57609,126498
76913,126545
130985,126545
12470,127205
63584,127205
148884,127205
224928,127205
944021,127205
994641,127205
57609,127231
94076,127231
26778,127329
62410,127329
66717,127329
18897,127461
119454,127461
26724,127583
127410,127583
144860,127583
21914,127849
69637,127849
69636,127987
1134504,127987
1134505,127987
240171,128280
140481,128387
1136808,128387
229302,128393
118350,128420
584527,128486
115610,128799
118350,128800
944021,128800
1135177,128800
73774,128842
1619,128949
1619,128954
65987,128954
70591,128954
134703,128954
69033,128987
87944,128987
1337,129070
83630,129070
109301,129070
130561,129070
543848,129070
1183229,129070
66717,129123
57609,129181
127410,129181
148886,129181
1109778,129181
1575541,129181
20654,129468
545277,129468
998494,129468
134704,129496
12466,129563
25251,129563
148884,129850
1094209,129850
548610,130011
592328,130279
18897,130473
35452,130473
119454,130473
56804,130532
240171,130532
227782,130799
994641,130799
26739,130922
56861,131069
70673,131115
229302,131115
65938,131148
70673,131859
124002,131859
70673,131975
62423,132169
83358,132169
88495,132169
227804,132169
239010,132169
552084,132169
571521,132169
1201406,132169
1277921,132169
21910,132183
21911,132183
25251,132183
57607,132183
65934,132183
68561,132183
70437,132183
86318,132183
88495,132183
122816,132183
237235,132183
548474,132183
588138,132183
956575,132183
1054920,132183
1135966,132183
1136808,132183
1195450,132183
1298434,132183
1555354,132183
1624721,132183
1624722,132183
1624725,132183
10885,132279
119426,133234
12672,133578
26724,133578
44917,133578
64895,133578
69637,133578
124002,133844
229302,133844
70673,134117
62423,134170
121394,134170
584527,134170
25249,134770
109434,134770
57607,135061
66717,135061
81081,135061
83560,135061
88495,135061
119447,135061
119450,135061
239961,135061
990778,135061
1134735,135061
1134736,135061
1178940,135061
1407468,135061
1415347,135061
1415348,135061
20519,135230
1135394,135230
26786,135539
239961,135539
1134736,135539
1275566,135539
1398251,135539
35452,135549
70673,135549
81081,135943
62417,136084
1338,136303
10885,136303
21908,136303
65353,136303
69636,136303
592329,136303
956575,136303
1119170,136303
1134165,136303
1134504,136303
1195556,136303
1417211,136303
1575541,136303
1619,136701
84205,136936
20652,136942
62417,136942
20519,136943
63584,136943
21910,136944
21911,136944
88495,136944
1407528,136944
83630,136958
66717,137386
88495,137386
21908,137409
25246,137409
56861,137409
148884,137409
66717,137916
67224,137916
26724,138060
67222,138060
88495,138060
1336,138103
67224,138147
26786,138448
62424,138448
70591,138448
123202,138448
571521,138448
1134735,138448
1624693,138448
65975,138528
65976,138528
227782,138528
65974,138529
67221,138529
548045,138529
567303,138529
1134946,138529
1178934,138529
1427540,138529
56830,138530
65992,138530
88495,138530
1183229,138530
12466,138567
21914,138567
296066,138567
567303,138567
65992,138592
230776,138592
612216,138592
56861,138790
66122,138790
227778,138790
230776,138790
565456,138790
990778,138790
1178932,138790
1596646,138790
57609,138845
229302,138845
1109778,138845
44922,138960
57607,138960
62419,138960
231909,138960
1145460,138960
74947,139162
1094209,139162
66761,139319
65986,139321
69636,139321
229302,139321
1340,139329
99687,139329
112563,139329
130985,139329
543178,139329
110847,139497
110847,139499
110847,139500
124002,140026
20999,140088
18897,140300
1134505,140985
1134505,141131
69636,141138
229302,141138
1338,141335
119447,141335
567303,141335
1338,141337
66122,141337
88495,141337
122818,141337
21914,141365
83630,141365
88351,141365
119447,141365
229302,141365
1173757,141365
83630,141388
119447,141388
62419,141390
955784,141390
70674,141460
227782,141460
1134505,141461
62419,141469
229302,141469
66717,141570
72731,141570
20519,141577
63584,141888
20652,141941
116906,142050
1134736,142050
1173757,142050
1265959,142050
26724,142141
69637,142141
987139,142141
1334856,142141
25246,142300
65992,142300
67221,142300
548474,142300
990443,142300
105418,142387
134703,142387
584527,142387
1173757,142387
240171,142401
62410,142451
72731,142451
25236,142696
25249,143156
56804,143156
56816,143156
65974,143156
84205,143156
227792,143156
25245,143217
57617,143217
239010,143217
567303,143217
1591060,143217
1619922,143217
1624693,143217
25246,143292
56830,143292
78877,143292
83631,143292
21902,143479
26739,143479
67046,143479
119447,143479
213438,143479
1134504,143479
1135177,143479
1119170,143500
70591,143627
111298,143627
119450,143627
1269703,143627
1134944,143855
1357125,143855
67689,143865
1338,144429
26744,144429
83693,144429
116906,144429
119447,144610
227804,144610
62423,144634
65974,144634
109301,144634
229302,144634
588144,144634
589746,144634
1160575,144634
121394,144641
20519,144841
67221,144841
223917,144841
20519,144934
20654,144934
21914,144934
26724,144934
57609,144934
66717,144934
111298,144934
70690,145068
227792,145228
1336,145308
56830,145701
584527,145920
1340,145954
20640,145954
20654,145954
543178,145954
1287732,145954
66717,145996
109301,145996
134704,146109
1337,146116
21914,146116
65934,146116
118350,146116
10885,146300
83630,146300
229302,146300
612216,146300
62424,146302
148886,146302
229302,146302
69638,146312
229302,146312
26784,146368
66717,146368
121709,146368
70673,146530
584527,146530
65987,146840
84205,146840
88351,146840
119426,146840
240169,146840
229302,147247
65934,147294
66122,147294
70590,147294
240177,147294
240171,147399
134704,147400
70673,147404
121394,147404
134704,147404
584527,147404
1134505,147404
227782,147407
26775,147413
121394,147413
134704,147413
584527,147413
70673,147423
224925,147423
1619,147498
10885,147498
12466,147498
83358,147498
116052,147498
119447,147498
121394,147498
588144,147498
990778,147498
1357077,147498
1407528,147498
1619,147590
44917,147590
68557,147590
83560,147590
213438,147590
26724,147755
1135394,147755
115610,147839
119454,147839
1173216,147839
57609,147942
134704,147942
239091,147942
565456,147942
1338,147950
1619,147950
26724,147950
62419,147950
67221,147950
70591,147950
548474,147950
990443,147950
1134165,147950
1134735,147950
25245,148380
26724,148380
57607,148380
62412,148380
83693,148380
96889,148380
116906,148380
1134736,148380
1178934,148380
1319279,148380
1408318,148380
1427521,148380
69033,148667
10885,148753
56816,149010
110847,149010
21911,149085
56861,149085
62419,149085
544796,149085
695,149464
62417,149464
10885,149640
18897,149640
57609,149640
118745,149640
119454,149640
121394,149640
987137,149640
57609,149961
69636,149961
70674,149961
127410,149961
229302,149961
240171,150230
26724,150234
1338,151240
26724,151240
26778,151240
62419,151240
67222,151240
88495,151240
121709,151240
130644,151240
548474,151240
548616,151240
1178940,151240
71051,151743
124002,151850
124777,151850
227782,151850
25246,151897
62419,151897
65987,151897
67222,151897
88495,151897
122818,151897
227778,151897
990443,151897
1134735,151897
25249,151988
227792,151988
239091,151988
87942,152041
122816,152041
944021,152041
1624721,152041
25251,152201
62417,152201
64496,152201
84205,152251
26778,152257
57607,152257
65992,152257
70437,152257
130561,152257
553881,152257
554183,152257
556800,152257
1178945,152257
1405054,152257
1575541,152257
1626384,152257
1619,152284
25246,152284
56811,152284
62419,152284
67221,152284
67222,152284
88495,152284
111298,152284
119447,152284
146624,152284
548474,152284
1427509,152284
1619,152291
12672,152291
25246,152291
26724,152291
62419,152291
67689,152291
121709,152291
548474,152291
592328,152291
990443,152291
1147123,152291
25246,152298
62419,152298
67222,152298
88495,152298
119447,152298
990443,152298
1134735,152298
1265950,152298
78877,152421
612216,152421
1173223,152442
70673,152465
119426,152465
240171,152465
296066,152465
1109778,152465
62419,152540
544796,152540
1337,152954
69637,152954
240169,153145
26784,153268
65353,153268
87948,153268
56830,153270
56861,153270
1134505,153295
1265950,153295
12466,153353
63584,153353
26784,153358
35452,153358
65975,153358
65976,153358
1065282,153358
1134165,153358
20519,153618
56811,153618
66717,153618
110845,153618
1160576,153618
1172165,153618
548610,153847
25249,153983
26786,153983
134704,153983
25246,153990
26786,153990
67224,153990
1134729,153990
1134731,153990
18897,154114
62410,154114
66717,154115
70437,154115
87942,154115
120725,154115
567303,154115
955784,154115
999460,154115
18897,154261
26775,154261
588144,154261
1134944,154261
1134946,154261
20519,154299
25251,154299
63584,154299
68561,154299
88495,154299
118352,154299
26724,154304
63584,154304
65938,154304
66717,154304
68562,154304
118350,154304
26724,154353
44922,154353
65986,154353
116351,154353
556800,154353
1092474,154353
1135177,154353
44922,154357
116351,154357
238973,154357
571521,154357
1092474,154357
1135177,154357
26724,154359
44922,154359
116351,154359
1092474,154359
1135177,154359
26784,154435
72731,154435
230776,154435
240177,154524
1135177,154524
1168410,154524
83686,154529
240177,154529
556800,154529
579216,154529
65974,154531
83686,154531
240177,154531
567303,154531
1135177,154531
1135394,154531
1135395,154531
1135396,154531
1135397,154531
1135398,154531
240177,154535
1134165,154535
1135394,154535
26744,154694
44917,154694
62410,154694
70673,154694
115610,154694
131728,154694
26724,154732
87944,154732
118350,154732
70690,154736
118350,154736
1135781,154736
1624,154989
62410,154989
62423,154989
116896,154989
116906,154989
134704,154989
110844,155082
119454,155082
1337,155114
1619,155114
103598,155114
62410,155158
548610,155158
548610,155349
63584,155371
72731,155371
87942,155371
127436,155371
25249,155387
109301,155393
26784,155394
56811,155394
70690,155394
119447,155394
1134732,155394
1134736,155394
1135394,155394
62410,155397
121394,155398
584527,155398
1337,155508
25245,155508
88495,155508
213438,155508
65986,155551
70673,155551
584527,155551
20519,155888
695,155897
26728,155897
105940,155897
1624,156007
65986,156007
70673,156007
134704,156007
229302,156007
990778,156007
124777,156045
56816,156054
66761,156054
67221,156054
83631,156054
94076,156054
1134729,156054
63584,156070
87942,156070
62419,156076
65986,156076
69636,156076
229302,156076
25245,156077
35452,156077
56804,156077
56861,156077
579216,156077
121394,156120
1338,156201
56830,156201
62417,156201
1069676,156201
62410,156232
124002,156232
62423,156308
70673,156422
121394,156422
1619,156643
62410,156643
63584,156643
109434,156643
20519,156962
227782,156962
1619,157200
25249,157200
67046,157200
68557,157200
103598,157200
109301,157200
119447,157200
230776,157202
695,157222
69637,157229
1254216,157229
1081493,157233
25246,157239
695,157243
119450,157252
544796,157252
88351,157389
974461,157389
70591,157421
148886,157421
296066,157421
1269703,157421
1402734,157421
77301,157575
65992,157887
548610,157887
565456,157887
10885,158251
584527,158251
998494,159185
12466,159228
20519,159228
148884,159228
552084,159228
72731,159400
548474,159400
554120,159597
1135177,159597
70673,159818
83560,159862
213438,159862
18899,160182
57607,160182
96889,160182
119447,160182
227782,160182
240169,160182
548610,160182
548616,160182
556938,160182
568979,160182
1201400,160182
1275566,160182
1275569,160182
1346911,160182
1357077,160182
1591060,160182
1596465,160182
1619790,160182
63584,160262
66717,160262
72731,160262
1173203,160262
12466,160271
66717,160271
83358,160271
1338555,160271
20519,160309
25236,160309
56861,160309
66717,160309
25251,160342
110845,160342
1337,160354
118352,160354
1172981,160354
1195450,160354
12466,160365
20519,160365
92833,160365
110844,160365
556800,160365
63584,160473
944021,160476
987139,160476
56816,160657
72731,160657
72731,160700
78878,160700
118350,160700
118355,160700
548474,160700
1173223,160700
62419,160703
68557,160703
83358,160703
548474,160703
65934,160722
118350,160722
119426,160722
224929,160722
545277,160722
990443,160722
1136808,160722
1173223,160722
26724,160733
26724,160741
62412,160741
96889,160741
548616,160741
589746,160741
1277921,160741
66717,160750
20519,160806
21911,160806
67222,160806
81081,160806
83631,160806
122816,160806
126852,160806
237235,160806
1054920,160806
955784,160964
1135238,160964
1269703,160964
239010,160967
553881,160967
955784,160967
1109778,160967
26784,160968
553881,160968
1000109,160968
62419,160969
83358,160969
84205,160969
548474,160969
990443,160969
21902,160971
62419,160971
119447,160971
124002,160971
148886,160971
544796,160971
1193722,160971
1614091,160971
70674,161017
240171,161017
1109778,161017
1134505,161017
1364713,161017
77301,161285
77303,161285
998494,161285
1287732,161285
88495,161295
96889,161295
567303,161295
127436,161327
148886,161327
944021,161327
1132614,161327
1135395,161327
1143686,161327
1183229,161327
134703,161351
70673,161469
68561,161489
20519,161604
56804,161604
68557,161604
110845,161604
1338,161611
26728,161611
26785,161611
57609,161611
65974,161611
109301,161611
131728,161611
1135177,161611
1345125,161611
62420,162455
70673,162455
144860,162568
1211897,162841
70590,162904
21908,163265
65992,163265
556800,163265
229302,163483
1135238,163607
119450,163622
1134505,163622
1588386,163622
643,163677
120725,164086
69636,164427
229302,164427
1135238,164427
62424,164433
1134505,164433
65986,164439
1134732,164439
83631,164755
1207686,164755
1357125,164755
229302,165021
67224,165548
83631,165548
110844,165548
944021,165548
956575,165548
1147123,165667
1341,165790
1619,165790
11401,165790
18897,165790
18899,165790
20519,165790
26775,165790
62410,165790
69636,165790
83358,165790
240171,165790
77301,165954
1624,166164
11401,166164
26775,166164
62410,166164
65986,166164
84205,166164
96546,166164
240171,166164
1148003,166164
1624,166165
86318,166862
224928,166862
588138,166862
975322,166862
237235,167091
109434,167449
584527,167449
18897,167620
65986,167620
70673,167620
88351,167620
18897,167622
62410,167622
18897,167675
62410,167675
18897,167679
18897,167688
68561,168094
70590,168094
88495,168094
240177,168094
1341,168739
68561,168739
94076,168739
999460,168739
1002925,168739
26728,168763
26729,168763
26760,168763
68557,168763
70437,168763
116052,168763
1135185,168763
1135238,168763
1574333,168763
63584,168809
67222,168809
148886,168809
213438,168809
227778,168809
548474,168809
990443,168809
64496,168814
52908,169163
62423,169163
134704,169163
571521,169163
66717,169258
1135177,169258
66717,169483
124002,169499
124002,169809
70674,170319
83358,170319
105418,170374
1065282,170374
26784,170379
21911,170657
78878,170657
1136392,170657
1173215,170657
1173216,170657
12466,170804
26778,170804
26784,170804
26786,170804
56811,170804
70674,170804
126852,170804
240171,170804
20519,170805
68557,170805
556938,170806
1580525,170806
70673,170809
140481,170809
227792,170809
239961,170809
1173605,170809
1191929,170809
25249,170810
227792,170810
1135177,170810
1277921,170810
20519,170812
70674,170812
81081,170812
227792,170812
955784,170812
10885,170814
20519,170814
227792,170814
239961,170814
11401,170981
26744,170981
56830,170981
1191929,170981
21914,171203
944021,171203
1134731,171203
56861,171268
229302,171400
68562,171549
213438,171549
54615,171704
83689,171704
87948,171704
94076,171704
118355,171704
122816,171704
944021,171704
994641,171704
1119170,171704
1415348,171704
1619,171816
103598,171816
226620,171816
1081493,171816
584527,172239
26724,172607
62424,172615
231913,172615
567303,172615
1134946,172615
66717,172619
70437,172619
109301,172619
146624,172619
62424,172627
88351,172627
1201408,172627
239010,172642
26786,172645
62419,172645
70674,172645
148886,172645
44917,172649
56861,172649
109301,172649
87840,172660
229302,172660
1135177,172660
1555354,172660
62410,172661
62423,172661
70690,172661
134704,172661
148884,172661
62419,172664
67221,172664
119447,172664
126852,172664
134704,172664
548474,172664
592329,172664
26784,172667
66717,172667
68557,172667
224925,172667
548474,172667
26744,172669
65987,172669
70674,172669
1254216,172672
21902,172698
44922,172698
576408,172698
1135177,172698
10885,172700
556938,172700
1338555,172700
1402393,172700
26786,172726
70437,172726
70674,172726
88495,172735
239010,172735
567303,172735
571521,172735
990443,172735
1173605,172735
1591060,172735
695,172738
84205,172740
25245,172743
56811,172744
83693,172744
131728,172744
134704,172744
213438,172744
227778,172744
571521,172744
10885,172745
35452,172745
57609,172745
62420,172745
148884,172745
592329,172745
20519,172752
88495,172752
230776,172752
134704,172760
231909,172760
1619,172766
26784,172766
62424,172766
64662,172766
83630,172766
119447,172766
134703,172766
1065282,172773
1148003,172773
25246,172777
65987,172777
88495,172777
119447,172777
126852,172777
140481,172777
148886,172777
224925,172777
1160575,172777
1173605,172777
1265959,172777
1415347,172777
1555354,172777
1135238,172780
25246,172782
66122,172782
67221,172782
70437,172782
83686,172782
87840,172782
116052,172782
134704,172782
148891,172782
956575,172782
1134731,172782
1139220,172782
1183229,172782
120725,172786
227792,172786
25245,172788
65975,172788
67221,172788
67222,172788
70690,172788
87840,172788
1135238,172788
1147123,172788
1632540,172788
25249,172794
56830,172794
68557,172794
119447,172794
121709,172794
1193722,172794
25245,172800
68557,172800
229302,172800
240161,172800
554120,172800
1329775,172800
1624693,172800
119450,172806
229302,172806
556938,172806
1134505,172806
1346994,172806
26778,172928
56811,172928
119447,172928
552084,172928
565456,172928
1619,172937
56830,172937
103598,172937
62420,172940
110844,172940
612216,172940
83358,172947
140481,172947
1065282,172959
62417,172968
26775,172969
548474,172969
1134735,172969
1346911,172969
25246,172972
57609,172972
68557,172972
119447,172972
990443,172972
25249,172980
119447,172980
26786,172985
69637,172985
96889,172985
70673,172992
148886,172992
1045536,172992
20519,173001
62424,173001
63584,173001
1201408,173001
26724,173008
57609,173008
83693,173008
239010,173008
1173203,173008
1338,173015
20519,173015
25249,173015
69636,173015
25246,173017
109301,173017
96546,173018
119447,173018
955784,173018
1402393,173018
62423,173027
88495,173027
230776,173027
567303,173027
956575,173027
21902,173034
69636,173034
82177,173034
103598,173034
592328,173034
990443,173034
66761,173038
70674,173038
146624,173038
26785,173042
35452,173042
56811,173042
62410,173042
62417,173042
62419,173042
62423,173042
134704,173042
239961,173042
571521,173042
592329,173042
1134736,173042
25246,173043
70437,173043
83358,173043
119447,173043
148886,173043
1402734,173043
1623210,173043
70673,173105
70674,173105
70690,173105
240171,173105
70674,173106
83358,173106
119447,173109
229302,173109
548616,173109
565456,173109
567303,173109
56830,173113
26786,173116
70674,173116
62420,173118
44922,173123
62419,173123
88495,173123
119447,173123
134704,173123
231909,173123
567303,173123
990443,173123
70673,173124
1619,173133
26724,173133
26785,173133
44917,173133
57609,173133
88495,173133
119447,173133
121709,173133
548474,173133
25249,173137
56861,173137
82401,173137
83631,173137
109301,173137
121709,173137
548045,173137
1136808,173137
543848,173255
70674,173518
134704,173518
57607,173653
64662,173653
88495,173653
119447,173653
227804,173653
1624,173774
70673,173776
124002,173776
64496,173803
695,173901
124777,173947
18897,174108
62410,174108
62417,174108
62419,174108
62423,174108
62424,174108
64662,174108
70591,174108
87840,174108
116906,174108
119454,174108
134704,174108
1065282,174108
1173757,174108
21914,174127
25246,174127
65353,174127
124002,174755
229302,174755
1134505,174765
1134732,174765
10885,175274
26739,175348
116351,175810
121394,175810
229302,175810
1134505,175810
62420,175821
70690,175821
148884,175821
556938,175821
134704,175843
1337,175906
12672,175906
21908,175906
25245,175906
25246,175906
25251,175906
26724,175906
63584,175906
65938,175906
66122,175906
66717,175906
67224,175906
86318,175906
88495,175906
567303,175906
695,175961
44917,175961
62420,175961
64662,175961
81081,175961
83358,175961
83631,175961
105940,175961
118745,175961
230776,175961
25246,176023
62419,176023
65992,176023
67689,176023
70674,176023
83693,176023
84205,176023
119447,176023
134703,176023
229302,176023
1254216,176023
1069676,176217
10885,176219
26739,176219
26744,176219
70674,176219
148886,176219
327585,176219
1275566,176325
96546,176629
116351,176629
229302,176629
1134504,176629
134703,176654
134703,176665
124777,176672
62417,176875
238973,176875
1336,177014
25245,177351
1081493,177396
26724,177499
57609,177499
62410,177499
78878,177499
88495,177499
105421,177499
1265974,177499
229302,178121
296066,178121
1134505,178121
144860,178674
579216,178674
944021,178674
1135177,178674
83693,178753
62420,179268
26784,179461
64895,179461
67221,179461
70437,179461
83631,179461
121709,179461
134704,179461
1081493,179461
57609,179631
69636,179631
70673,179631
84205,179631
229302,179631
1134505,179631
567303,179890
1081493,179890
20519,179940
227778,179940
556938,179940
588144,179940
1134732,179940
1574333,179940
1341,179944
70690,179944
134704,179944
26729,179995
612216,179995
65974,180465
229302,180465
70673,180532
26785,180755
62424,180755
56830,180896
69636,180896
124002,180896
240177,180896
548610,180896
66717,180897
109301,180897
120725,180897
1201406,180897
1346930,180897
1417211,180897
1417223,180897
70590,180903
118352,180903
1147123,180903
82401,181009
130985,181009
227782,181009
26724,181051
62419,181051
67689,181051
990443,181051
1173605,181051
25245,181110
62423,181110
66122,181110
1134731,181110
1134946,181110
1135177,181110
1173203,181110
1134505,181308
1337,181633
56861,181633
69636,181633
103598,181633
552084,181633
592329,181633
1134504,181633
1160575,181633
70673,181648
124002,181648
1338,181735
83560,181735
213438,181735
1069676,181735
25245,181738
57617,181738
62412,181738
239010,181738
240161,181738
567303,181738
999460,181738
1416970,181738
1591060,181738
57607,181751
109301,181751
119447,181751
121709,181751
148886,181751
1402393,181751
1619,181757
68557,181757
148891,181757
592329,181757
62423,181870
134704,181870
1173757,181870
1265950,181870
26786,181874
592328,181874
990443,181874
87839,181888
119447,181888
1135394,181888
25246,181897
35452,181897
44922,181897
62410,181897
62417,181897
66122,181897
83560,181897
134704,181897
52908,181906
239961,181906
571521,181906
20519,182012
69638,182012
148886,182012
148891,182012
1275569,182012
18899,182030
26775,182030
70673,182030
121394,182030
134704,182030
229302,182030
584527,182030
1081493,182030
1134505,182030
26724,182127
64895,182127
66717,182127
70690,182127
118745,182127
1334856,182127
56830,182227
87840,182227
123202,182227
25246,182232
87840,182232
119447,182232
130644,182232
25246,182311
65992,182311
81081,182311
83631,182311
121709,182311
1275569,182311
122816,182314
552084,182314
987139,182314
1277930,182314
20519,182327
1577825,182327
20519,182335
548616,182335
1337,182432
26739,182432
66717,182432
116906,182432
21911,182769
57831,182769
94076,182769
11401,182820
20640,182820
26760,182820
69637,182820
121394,182878
229302,182878
213441,182886
25249,183048
70690,183048
83635,183048
110847,183048
612216,183048
1337,183159
25249,183159
70437,183159
124002,183540
134704,183540
229302,183540
134704,183783
229302,183783
240169,183783
1619,183846
26739,183846
26785,183846
57609,183846
111298,183846
567303,183846
1134165,183846
1135395,183846
1135396,183846
1135397,183846
1135398,183846
56804,183849
70437,183849
83624,183849
1178932,183849
1195556,183849
20999,183983
148886,184068
229302,184068
26724,184173
65986,184173
70674,184173
119454,184173
240169,184173
1173757,184173
1338,184990
26724,184990
26739,184990
26785,184990
240177,184990
554183,184990
567303,184990
1427641,184990
83624,185004
25251,185162
144860,185162
612216,185162
119450,185309
1178940,185309
66717,185432
140481,185432
552084,185432
18899,185832
26726,185832
69637,185832
1135177,185832
1168410,185832
65986,185885
69636,185885
118745,185885
124777,185885
229302,185885
584527,186022
124002,186302
124777,186302
1134504,186302
1134505,186302
227792,186346
66717,186391
83631,186391
120419,186391
122816,186391
83631,186412
1357125,186412
20519,186518
56811,186525
1135394,186525
62419,186568
83358,186568
1395247,186693
70673,186695
88351,186695
229302,186695
26744,186699
84205,186703
1134504,186712
67259,186727
1109778,186727
1395247,186727
26784,186874
124777,186874
26784,186877
78877,186877
553881,186877
955784,186877
1134505,186877
83630,186881
109304,186881
240171,186881
57609,186882
69636,186882
70673,186882
229302,186882
296066,186882
1134505,186882
70673,186890
88351,186890
296066,186890
111298,186892
69636,186893
88351,186893
134703,186893
69636,186896
229302,186896
69636,186899
1134732,186899
1577825,186899
83358,186901
88351,186901
544796,186901
1265950,186901
70673,186903
69637,186907
1395247,186907
88351,186910
1265950,186910
88351,186914
229302,186914
576408,186914
1173203,186914
229302,186917
1134505,186920
1254216,186920
1265950,186923
84205,186924
296066,186924
229302,186926
1134504,186926
1134505,186926
1364713,186926
1134505,186927
1337,186930
44917,186930
62419,186930
1134165,186930
1166375,186930
1402734,186930
70673,186940
148886,186940
1135238,186940
1148003,186940
229302,186941
1134504,186941
62420,186944
148886,186944
124002,186958
584527,186958
1338,187003
65987,187003
83358,187003
103598,187003
148886,187003
213438,187003
990443,187003
62419,187004
548474,187005
103598,187013
148886,187014
229302,187014
44922,187015
70673,187015
88351,187015
131728,187015
240169,187015
44922,187018
68557,187018
70673,187018
88351,187018
227782,187018
227782,187020
66717,187021
87840,187021
1415348,187021
71051,187022
127436,187024
1265950,187024
96546,187030
111298,187030
127436,187030
1619,187033
26724,187033
103598,187033
1163362,187033
1338,187034
83560,187034
83631,187034
548474,187034
990443,187034
44922,187036
62420,187036
83358,187036
103598,187036
548474,187036
990443,187036
21902,187040
66122,187040
83358,187040
83560,187040
111298,187040
240161,187040
1134505,187046
240169,187050
229302,187052
1134505,187172
1081493,187176
121394,187178
134704,187178
229302,187178
584527,187178
240169,187179
1134505,187182
1427641,187182
240169,187187
70673,187336
119450,187351
592329,187351
18897,187364
119450,187364
121394,187364
548610,187364
1002925,187364
592329,187369
65986,187378
69636,187378
134704,187382
592329,187386
240169,187387
65986,187392
69636,187392
70673,187392
124777,187392
229302,187392
1134504,187392
1134504,187397
1427641,187397
65353,187401
69637,187401
70673,187403
229302,187403
1134505,187406
105940,187408
124002,187419
229302,187419
1275566,187419
124002,187422
18897,187432
65986,187433
69636,187433
65986,187439
69636,187439
1134504,187439
1134505,187439
548610,187440
18897,187447
70673,187447
118745,187464
548610,187464
1134732,187464
88351,187466
105940,187470
18897,187473
62410,187473
119454,187473
124002,187473
26784,187488
240169,187490
1134505,187491
65986,187496
240169,187496
105940,187498
119450,187498
229302,187498
70673,187500
124002,187500
548610,187500
124002,187652
229302,187652
70673,187659
124002,187659
1134505,187659
26784,187674
70673,187674
229302,187674
70673,187682
65986,187686
124777,187686
1134505,187686
124002,187689
62419,187692
88351,187692
124002,187692
57609,187705
20519,187707
26784,187707
78877,187707
553881,187707
553882,187707
1134732,187707
1277930,187707
70674,187709
62424,187721
1134505,187721
1134732,187721
1148003,187721
1395247,187721
70673,187723
111298,187723
1134505,187723
78877,187724
124777,187724
553881,187724
955784,187724
88351,187727
131728,187727
1134505,187727
1173203,187727
240171,187738
84205,187739
229302,187739
240171,187739
296066,187739
990443,187739
1148003,187739
567303,187748
1265950,187748
229302,187751
240171,187751
296066,187751
44922,187752
148891,187756
544796,187756
990443,187756
44917,187758
103598,187758
213438,187758
44922,187760
66122,187760
70673,187760
83560,187760
84205,187760
229302,187760
103598,187762
148886,187762
229302,187762
1134735,187762
1254216,187762
68557,187764
83560,187764
592329,187764
65992,187766
548474,187766
83489,187768
1065282,187883
26729,187891
62419,187897
65986,187897
69636,187897
124777,187897
229302,187897
105940,187901
592329,187902
990778,187996
69637,188115
96613,188183
103598,188183
26786,188813
66717,188813
1134732,188813
18899,188982
21908,188982
25246,188982
57617,188982
65987,188982
70437,188982
88495,188982
111298,188982
1416929,188982
82401,189142
70673,189168
88495,190423
94076,190423
96546,190423
119447,190423
556800,190423
567303,190423
1329775,190423
20519,190527
88495,190527
20519,190790
21914,190790
87948,190790
57831,190793
126852,190793
1135177,190793
52575,190794
67224,190794
1172981,190794
35452,191324
44917,191324
57607,191324
57609,191324
57617,191324
65974,191324
70437,191324
88495,191324
119447,191324
213438,191324
227778,191324
238973,191324
592329,191324
1395247,191324
1428283,191324
10885,191441
21914,191441
57607,191441
62420,191441
88351,191441
116896,191441
1069676,191441
76913,191463
543178,191463
65938,191504
83624,191504
130644,191504
26739,191531
83631,191561
956575,191561
25246,191563
25249,191563
64895,191563
65944,191563
83689,191563
130561,191563
1346930,191563
1591060,191563
62419,192177
26744,192199
62410,192199
62419,192199
62424,192199
70591,192199
87840,192199
134704,192199
70673,192226
20519,192239
25246,192239
66761,192239
83358,192239
109301,192239
121394,192239
224929,192239
552084,192239
1134731,192239
1135177,192239
26786,192257
88351,192257
544796,192257
1364713,192257
1624097,192825
695,192871
121394,192871
1134729,192881
1357125,192881
66122,192888
66717,192888
83560,192888
1134732,192888
548610,192933
70673,193228
20519,193551
66122,193551
110847,193551
119450,194200
576408,194200
70673,194429
1081493,194429
25246,194523
25251,194523
86318,194523
1147123,194523
65974,194646
68561,194646
956575,194646
1191058,194646
20654,195300
99687,195300
21911,195720
20519,195748
99689,196325
109434,196325
1031246,196325
25246,196385
1031246,196385
21908,196420
1002925,196420
240169,196854
70673,197055
63584,197167
84205,197245
1134505,197245
1134732,197245
121394,197338
124002,197338
229302,197338
1081493,197338
105418,197427
65990,197456
84205,197456
88495,197456
227792,197456
239010,197456
565456,197456
567303,197456
571521,197456
589746,197456
1346994,197456
109301,197586
63584,197809
83689,197809
224928,197809
62417,198075
134704,198075
213438,198075
121394,198157
229302,198157
121394,198303
1624,198309
70673,198309
121394,198309
134704,198309
229302,198309
134703,198458
66761,198526
70591,198526
105940,198526
109301,198526
110847,198526
1178932,198526
1178934,198526
44917,198536
44922,198536
65975,198536
105940,198536
592328,198536
67046,198548
105940,198548
1147123,198548
1178938,198548
1178940,198548
26728,198549
105940,198549
1178945,198549
70674,198690
239010,198690
571521,198690
1173757,198690
62410,198945
121394,198945
229302,198945
65986,199296
229302,199296
240169,199296
77303,199542
121394,199635
1081493,199635
1134505,199635
1624,199638
229302,199638
240169,199638
1134505,199638
1624,199792
121394,199792
26775,199796
70673,199796
121394,199796
134704,199796
1339,199891
21908,199891
25251,199891
54615,199891
56861,199891
57831,199891
71051,199891
88495,199891
552084,199891
1031246,199891
1094209,199891
21902,200038
63584,200038
64895,200038
65934,200038
87948,200038
118350,200038
956575,200038
1069676,200038
96889,200170
556800,200170
229302,200284
1109778,200284
1173757,200284
26724,200458
65986,200458
70674,200458
592329,200458
52908,201099
62410,201099
130644,201099
987139,201099
88351,201347
1134505,201347
1624,201358
18899,201358
65975,201358
116351,201358
121394,201358
26784,201531
229302,201531
548610,201531
148884,201706
25246,201905
67689,201919
26784,202179
88351,202179
124777,202179
1134504,202179
69636,202182
1109778,202182
1081493,202186
1336,202220
109434,202220
576408,202220
67689,202463
25246,202471
112563,202514
1340,202515
1184600,202515
56830,202516
25246,202598
44922,202598
65990,202598
131728,202598
148884,202598
612216,202598
1275566,202598
1319279,202598
1398251,202598
1415225,202598
1415347,202598
1415348,202598
66717,202978
553881,202978
1002925,202978
1134732,202978
26729,203152
26760,203152
134703,203476
227782,203503
240169,203503
240171,203503
584527,203509
10885,203530
116351,203598
83358,203803
118745,203803
1065282,203803
1173757,203803
1588386,203803
83631,203916
87942,203916
612216,203916
213438,203996
70673,204202
124002,204202
26784,204315
65986,204315
229302,204315
1134505,204315
20519,204553
21910,204819
72731,204819
84205,204932
229302,204932
115610,205458
974461,205464
21908,205575
72731,205575
83630,205575
88351,205575
26726,205708
118745,205708
1065282,205708
1109778,205708
69637,205796
1135177,205796
20652,206047
25251,206047
66761,206047
70437,206047
94076,206047
118350,206047
551869,206047
12466,206051
83689,206051
144860,206051
213438,206051
944021,206051
26724,206260
77303,206260
130985,206260
213438,206260
240169,206302
88351,206443
124002,206443
124777,206443
84205,206446
1134505,206446
26784,206450
70673,206450
240169,206450
65986,206452
69636,206452
548610,206452
612216,206452
1109778,206452
1081493,206453
88351,206455
124777,206455
229302,206455
65986,206592
69636,206592
70673,206600
121394,206600
124777,206600
134704,206600
121394,206605
109809,206624
20652,206664
70673,206697
116636,206796
109813,207052
25245,207340
70437,207340
86318,207340
109301,207340
122816,207340
592329,207340
1134731,207340
1190225,207340
25246,208210
52575,208210
72731,208210
148886,208210
548474,208210
990443,208210
88351,208543
20519,208621
25251,208621
56861,208621
119426,208621
127436,208621
987139,208621
1069676,208621
1338,209519
213438,209519
44922,209520
1147123,209520
67689,210111
26784,210333
56861,210335
26784,210340
119447,210340
148886,210340
229302,210340
25249,210349
64895,210349
82177,210349
148891,210349
226620,210349
554183,210349
588138,210349
1191929,210349
25251,210498
70690,210498
944021,210498
70673,210757
12672,210778
94076,210778
118350,210778
548474,210778
588144,210778
62417,210911
83560,210911
84205,210911
239010,210911
1147123,210911
83358,211126
213438,211207
1341,211425
68562,211425
83693,211425
88495,211425
237235,211425
238973,211425
987137,211425
1195450,211425
1338,211513
21908,211513
64662,211513
67222,211513
70437,211513
94076,211513
96546,211513
122816,211513
1090949,211513
1195555,211513
1195556,211513
1337,211866
25246,211866
70591,211866
70673,211866
87945,211866
88351,211866
119447,211866
227782,211866
548045,211866
1178934,211866
1254216,211866
237235,212240
1143686,212240
18897,212273
70673,212273
119454,212273
240171,212273
1109778,212273
1147123,212273
1191929,212372
65990,212375
110845,212375
1357125,212375
1416929,212375
1337,212378
56861,212378
64895,212378
87942,212378
96889,212378
111298,212378
146624,212378
230776,212378
230777,212378
26729,212781
1277930,212781
65959,212976
82177,212992
105940,212992
944021,212992
56861,212995
65987,212995
1178940,212995
25246,212996
67221,212996
67222,212996
70437,212996
83358,212996
122816,212996
296066,212996
554183,212996
592329,212996
612216,212996
956575,212996
1134732,212996
1135238,212996
1338,213001
56861,213001
71051,213015
72731,213015
26739,213163
62410,213163
116896,213167
1190225,213167
56861,213169
77304,213360
554120,213478
121394,213608
20519,213646
92833,213646
144860,213982
1619,214189
227778,214189
10885,214191
12672,214191
21902,214191
65987,214191
70690,214191
83686,214191
103598,214191
122818,214191
230776,214191
66761,214194
70437,214194
1069676,214197
26784,214378
70673,214378
70690,214378
148884,214378
224929,214378
556938,214378
1143686,214378
1172981,214378
1356792,214378
26726,214415
62410,214415
83358,214712
144860,214989
57831,215984
65934,215984
68561,215984
1404511,215984
1184600,216008
35452,216100
21908,216682
70437,216682
83489,216682
94076,216682
146624,216682
240171,216682
70673,217075
115610,217075
21908,217631
65353,217631
66717,217631
592329,217631
1134729,217631
1135238,217631
1277921,217631
12672,217923
109809,217923
12672,217960
118350,217960
548474,217960
118350,217985
130644,217985
54615,218697
579216,218801
1338,219187
62410,219187
62424,219187
66122,219187
148884,219187
239961,219187
240161,219187
10885,219188
25249,219188
26785,219188
56861,219188
65987,219188
70703,219188
83624,219188
94076,219188
111298,219188
1191058,219188
1416929,219188
18897,219572
20654,219572
120725,219572
1562576,219572
1339,220488
71051,220488
87948,220488
148884,220579
25246,220584
44917,220584
88495,220584
66717,220585
78877,220585
588144,220585
1356792,220585
1624,220587
62410,220587
1336,220594
25251,220655
65353,220655
551869,220655
25246,220724
56816,220724
65934,220724
66717,220724
12466,220885
56861,220885
67222,220885
94076,220885
122816,220885
1002925,220885
1135394,220885
1160575,220885
1632540,220885
20519,220887
54615,220887
87944,220887
120725,220887
553881,220887
987139,220887
545277,221014
576408,221014
1136808,221014
1173223,221014
1265974,221014
70673,221043
70673,221059
88351,221062
224925,221062
18899,221076
1148003,221076
1624,221077
121394,221077
1147123,221108
84205,221314
56861,221453
944021,221457
65934,221460
87944,221460
118350,221460
118352,221460
213441,221460
1135398,221460
1337,221461
83489,221461
56861,221463
68557,221463
83631,221463
83631,221536
110844,221536
119447,221536
148886,221536
1346994,221536
66717,221912
67222,221912
72731,221912
87942,221912
94076,221912
227804,221912
1193722,221912
1172981,221913
1341,222216
52908,222216
70690,222216
99687,222216
994641,222216
118745,222245
119454,222245
66717,222303
70437,222303
956575,222303
974461,222303
1134731,222303
1207686,222303
26729,222832
92833,222832
119447,223538
1135177,223538
69033,223596
1341,223661
57607,223661
63584,223661
140481,223661
576426,223661
20519,223878
54615,223878
92833,223878
227782,223878
134703,224129
109301,224132
584527,224634
695,225190
119454,225262
21908,225877
73774,225877
695,226068
118350,227329
1136808,227329
928166,227733
68557,228048
1183229,228048
56804,228269
122818,228269
1134729,228269
1254216,228269
20652,228769
64496,228769
68561,228769
74021,228856
66717,228935
83631,228935
87944,228935
239961,228935
1329775,228935
21914,229144
54615,229144
62410,229144
695,229156
10885,229156
1148003,229156
1275566,229156
1147123,229303
12672,230152
109809,230152
111298,230152
643,230236
76913,230236
77303,230236
120725,230236
229302,230674
25249,230826
66122,230826
70590,230826
227804,230826
990778,230826
1139220,230826
26784,230832
62419,230832
553881,230832
955784,230832
1134732,230832
1136808,230832
1191058,230832
1265950,230832
20519,230839
25246,230839
26786,230839
64662,230839
83686,230839
109301,230839
121709,230839
229302,230839
1191929,230839
1193722,230839
1265959,230839
124002,230904
1134504,230904
1134505,230904
229302,230944
240169,230944
62424,231017
612216,231017
1065282,231017
1135238,231047
1575541,231047
18897,231173
25245,231173
57831,231173
105421,231173
240169,231743
25251,231995
115610,231995
118352,231995
83358,232268
83358,232272
103598,232272
65986,232569
69636,232569
62410,232574
1134504,232574
134704,232595
1173203,232604
67259,232606
239091,232606
612216,232606
69636,232644
124777,232644
548610,232644
592329,232644
1109778,232644
26728,232663
26739,232663
26786,232663
62423,232663
64895,232678
69636,232678
118745,232678
144860,232678
579216,232678
70690,233112
72731,233112
78878,233112
110844,233112
122816,233112
1147123,233112
20519,233203
63584,233308
227804,233308
25251,233314
227804,233314
70673,233361
74021,233429
109809,233429
83631,234227
1134505,234227
1265959,234227
26739,235191
56830,235191
62419,235191
134703,235191
10885,236329
612216,236329
82401,237403
118745,237403
112563,237696
66122,237708
66717,237708
227778,237708
974461,237708
68563,239028
84205,239075
131728,239075
83693,239261
26784,239801
26724,239914
26726,239914
26729,239914
26744,239914
116906,239914
240177,239914
1065282,239914
21910,240089
20519,240106
25251,240106
1147123,240106
70673,240323
1619,240477
12672,240477
25246,240477
26784,240477
67689,240477
119447,240477
134703,240477
148886,240477
1275566,240477
1275569,240477
20519,240874
66717,241194
122818,241194
126852,241194
1413335,241194
20519,241375
26724,241375
65938,241375
65992,241375
69636,241375
78877,241375
84205,241375
67689,241758
74946,241761
94077,241957
588144,241957
26784,242163
65986,242163
25245,242612
87840,242612
116906,242612
1147123,242612
1624,243439
118352,243495
18897,243919
71051,243919
76913,243919
118726,243919
25246,244114
78877,244114
96862,244114
69033,244188
109434,244226
109301,244495
148884,244495
112563,244971
1624,245592
18897,245592
62423,245592
20519,246205
84205,246205
1147123,246409
70674,246510
548610,246510
1364713,246510
1575541,246510
25249,246708
83635,246708
240171,246708
588138,246708
548610,246926
84205,246942
144860,246942
83689,247236
18897,247954
20519,247954
96862,247954
1337,247999
83631,247999
92833,247999
1624,248212
56811,248360
62410,248376
65975,248376
88351,248376
118745,248376
1265974,248376
134704,249842
1134504,249842
124002,250049
240169,250049
548610,250049
1134505,250049
25246,250482
35452,250482
62417,250482
65987,250482
52575,250513
56816,250513
57831,250513
227804,250513
1147123,250513
1619,250638
62424,250638
69638,250638
12466,250642
25245,250642
56861,250642
65353,250642
67224,250642
119447,250642
1135781,250642
26786,250781
57607,250809
146624,250809
1341,250937
62420,250937
70690,250937
109301,250937
227782,250937
240171,250937
1134504,250937
1134729,250937
1575541,250937
1341,250938
87942,250938
120725,250938
1341,250946
52908,250946
239961,250946
65986,251399
69636,251399
88351,251399
124777,251399
134704,251399
88351,251531
25249,251749
52908,251749
66717,251749
70690,251749
99689,251749
124002,251777
124777,251777
240169,251777
21914,252041
1619,252168
120419,252168
126852,252168
69638,252220
148886,252220
592329,252220
1624,252319
121394,252319
20519,252505
26786,252505
56830,252505
56861,252505
57609,252505
83489,252505
109301,252505
62424,252864
1580525,252864
62412,253278
62419,253278
62420,253278
84205,253278
88495,253278
119447,253278
230776,253278
231909,253278
239010,253278
567303,253278
1173757,253278
1319279,253278
1346994,253278
62423,253400
109301,253400
21911,253450
130985,253450
64895,253604
72731,253622
1172981,253622
69033,253642
73774,253642
76913,253642
109809,253848
1341,254003
25246,254003
56861,254003
66717,254003
72731,254003
88495,254003
110847,254003
148884,254003
975322,254003
1147123,254003
121394,254124
26724,254250
65986,254250
67689,254250
240177,254250
1357048,254250
1134505,254280
20519,254526
25251,254526
84205,254526
1173215,254526
11401,254580
65986,254585
78878,254672
65986,254765
69636,254765
1364713,255218
70673,255242
70673,255245
26724,255279
65934,255279
68562,255279
88495,255279
118350,255279
240177,255279
999460,255279
12672,255302
56861,255302
543848,255302
109434,255418
130985,255526
1287732,255526
584527,255592
584527,255599
548610,255602
584527,255612
584527,255622
65986,255624
20654,255691
21911,255691
543848,255756
77304,255768
74021,255775
130985,255775
543848,255775
931174,255775
543848,255779
77301,255782
643,255786
213438,255786
643,255787
1340,255787
130985,255803
1338,255817
26739,255817
26786,255817
65353,255817
68561,255817
68562,255817
77301,255823
130985,255823
69636,255825
69637,255825
109301,255825
224928,255825
1338,255856
10885,255856
56804,255856
1134735,255856
1402393,255856
25245,255858
1338,255860
1619,255860
12466,255860
66122,255860
12672,255863
148884,255863
26724,255864
115610,255864
25246,255866
62410,255866
62423,255866
65992,255866
134704,255866
26739,255951
26744,255951
1135177,255951
69033,255956
1184600,255956
1340,255961
116636,255963
1338,255976
26739,255976
21911,255977
56816,255977
103598,255977
144860,255977
26724,256068
68557,256068
229302,256068
548616,256068
1183229,256068
66761,256069
146624,256069
1139041,256069
1619,256071
70673,256071
25246,256072
12672,256074
134704,256074
20519,256076
44917,256076
1338,256077
26724,256077
62412,256077
65990,256077
67689,256077
83693,256077
1178934,256077
1338,256078
62417,256078
66761,256078
68561,256078
227804,256078
105421,256082
21911,256083
68562,256083
83689,256083
92833,256083
118352,256083
21911,256085
64895,256085
65934,256085
67224,256085
83631,256085
118350,256085
57831,256086
67222,256086
68561,256086
68562,256086
88495,256086
975322,256086
999460,256086
1404511,256086
20519,256087
64895,256087
67224,256088
83689,256088
544796,256088
20999,256096
116636,256106
1339,256135
21908,256135
66761,256807
83358,256834
88351,256834
20519,257147
25236,257147
25246,257147
26739,257147
86318,257147
240171,257501
74021,257572
76913,257572
1287732,257572
26724,257642
65938,257642
70437,257642
109301,257642
109434,257648
543848,257648
26775,257881
1135238,257881
1339,258043
26744,258098
64662,258098
57831,258334
560190,258424
63584,258437
88351,258437
134704,258437
227782,258437
1173200,258437
1184600,258477
26724,258612
103598,258612
76913,258779
21911,258814
103598,258814
26739,259079
109434,259247
21910,259326
26724,259326
224929,259326
1201406,259326
57831,259463
64895,259469
119454,259469
1183229,259469
109813,259565
643,259943
1340,259943
1619,259947
20519,259947
26724,259947
118745,259947
10885,259949
25245,259949
68557,259949
11401,260066
20519,260334
126852,260334
227778,260334
231913,260334
554183,260334
556800,260334
1135394,260334
1574333,260334
1173605,260342
1596646,260342
1624,260419
62419,260579
105418,260732
26784,261123
119447,261123
553881,261123
553882,261123
12466,261124
12672,261126
116906,261128
148886,261128
1134729,261128
103598,261130
140481,261130
148886,261130
1193722,261130
25246,261132
1277930,261132
25246,261133
20519,261149
78877,261149
148886,261149
1134735,261149
1136808,261149
65987,261151
148886,261151
588144,261151
1135394,261151
127436,261152
130644,261152
1178932,261152
25246,261159
83693,261159
1178932,261159
1178945,261159
26784,261161
62412,261161
72731,261161
119447,261161
134704,261161
553881,261161
556938,261161
1356792,261161
1413335,261161
21914,261164
25249,261164
62419,261164
70437,261164
70673,261164
83630,261164
88351,261164
109301,261164
21914,261166
62420,261166
63584,261166
109301,261166
148886,261166
612216,261166
1277930,261166
62412,261168
62417,261168
62424,261168
65992,261168
68557,261168
70673,261168
83693,261168
119447,261168
240161,261168
548616,261168
1160575,261168
1190225,261168
10885,261173
65987,261173
88351,261173
119447,261173
148886,261173
26784,261180
56804,261180
56861,261180
122816,261180
127436,261180
12466,261181
25246,261181
68557,261181
70673,261181
224925,261181
1135394,261181
87945,261183
148886,261183
26784,261185
57609,261185
70590,261185
72731,261185
110844,261185
119447,261185
227782,261185
1134732,261185
1346994,261185
25249,261186
62420,261186
84205,261186
589746,261186
1134946,261186
1338555,261186
1338,261189
25245,261189
65986,261189
567303,261189
26785,261190
52908,261190
62410,261190
62423,261190
70703,261190
83631,261190
134704,261190
229302,261190
1201406,261190
21914,261191
62420,261191
63584,261191
148886,261191
1134504,261191
20519,261193
25249,261193
26784,261193
92833,261193
66717,261195
612216,261195
25245,261196
65987,261196
66761,261196
70437,261196
556938,261196
1134731,261196
1346994,261196
1417211,261196
78877,261198
116906,261198
1619870,261198
25249,261200
66717,261200
227792,261200
579216,261200
612216,261200
1134946,261200
1357125,261200
12672,261237
25245,261237
65987,261237
83358,261237
10885,261239
21902,261239
77301,261239
148886,261239
62424,261241
83489,261241
1134729,261241
78877,261242
229302,261242
592329,261242
1183229,261242
571521,261258
56804,261284
56816,261284
83630,261284
92833,261284
25245,261285
130644,261285
999460,261285
1195450,261285
25246,261288
83624,261288
26784,261290
230776,261290
553881,261290
1427540,261290
1596646,261290
120725,261291
65992,261292
120725,261292
987139,261292
20519,261293
67222,261293
92833,261293
94076,261293
994641,261293
1134735,261293
1193722,261293
1427540,261293
20519,261294
109301,261294
556938,261294
63584,261427
67224,261427
1414033,261427
1415348,261427
62410,261469
134703,261469
124002,261472
124777,261474
1148003,261474
1134504,261475
1134732,261475
84205,261478
124777,261478
240169,261478
1148003,261478
70673,261482
83358,261482
66122,261487
121394,261487
26786,261495
83358,261496
26784,261498
553881,261498
1591060,261498
83358,261499
83624,261499
227782,261499
26784,261502
119447,261502
124777,261502
12466,261503
63584,261503
87948,261503
118350,261503
237235,261503
1172981,261503
63584,261504
66122,261504
66717,261504
70690,261504
83689,261504
944021,261504
56804,261505
998494,261505
21914,261507
68561,261507
144860,261507
26724,261976
26744,261976
10885,262137
21914,262137
65934,262137
70437,262137
74946,262137
127436,262137
148884,262137
82177,262756
88495,263132
77303,263171
229302,263171
1338533,263236
25251,263250
545277,263250
1341,263341
1339,264264
109434,264264
552084,264264
1031246,264264
1341,264539
612216,264539
26724,264579
65934,264582
65938,264582
68561,264582
83689,264582
86318,264582
87944,264582
122816,264582
975322,264582
65938,264583
67222,264583
68561,264583
86318,264583
87944,264583
118350,264583
1404511,264583
63584,264718
70590,265310
1337,265710
25245,265710
62410,265710
65992,265710
70673,265710
82401,265710
103598,265710
110844,265710
118745,265710
119447,265710
134704,265710
1265959,265710
1346994,265710
588138,265733
118745,265895
548610,265895
1178940,265895
21914,266163
998494,266681
62424,266874
26786,267605
1335021,267971
1031246,268288
105940,268642
119426,268642
126852,268642
144860,268642
567303,268642
987137,268642
987139,268642
1135781,268642
1147123,268642
1195450,268642
65934,269144
64895,269520
109809,269520
83693,269651
25246,269731
83630,269731
119447,269731
135836,269731
565456,269731
568979,269731
1138763,269731
1190225,269731
1357077,269731
1415225,269731